{"cameraMode":{"drawMode":0,"name":"Shaded","section":"Shading Mode"},"sceneLighting":false,"audioPlay":false,"sceneViewState":{"m_AlwaysRefresh":false,"showFog":true,"showSkybox":false,"showFlares":true,"showImageEffects":true,"showParticleSystems":true,"showVisualEffectGraphs":true,"m_FxEnabled":true},"in2DMode":false,"pivot":{"x":0.3903501033782959,"y":1.0322089195251465,"z":0.5429556369781494},"rotation":{"x":0.14406216144561768,"y":0.17859041690826417,"z":-0.026447033509612085,"w":0.9729673862457275},"size":1.4039313793182374,"orthographic":false}