{"cameraMode":{"drawMode":0,"name":"Shaded","section":"Shading Mode"},"sceneLighting":false,"audioPlay":false,"sceneViewState":{"m_AlwaysRefresh":false,"showFog":true,"showSkybox":false,"showFlares":true,"showImageEffects":true,"showParticleSystems":true,"showVisualEffectGraphs":true,"m_FxEnabled":true},"in2DMode":false,"pivot":{"x":0.3554263114929199,"y":2.02647066116333,"z":-1.3877220153808594},"rotation":{"x":-0.027360402047634126,"y":0.9722340106964111,"z":-0.14932452142238618,"w":-0.17812688648700715},"size":3.0099685192108156,"orthographic":false}