{"cameraMode":{"drawMode":0,"name":"Shaded","section":"Shading Mode"},"sceneLighting":false,"audioPlay":false,"sceneViewState":{"m_AlwaysRefresh":false,"showFog":true,"showSkybox":false,"showFlares":true,"showImageEffects":true,"showParticleSystems":true,"showVisualEffectGraphs":true,"m_FxEnabled":true},"in2DMode":false,"pivot":{"x":-0.068515345454216,"y":0.004539556801319122,"z":-0.004875153303146362},"rotation":{"x":-0.254944384098053,"y":0.13492846488952638,"z":-0.035951994359493259,"w":-0.9568271636962891},"size":0.05933976173400879,"orthographic":false}