{"cameraMode":{"drawMode":0,"name":"Shaded","section":"Shading Mode"},"sceneLighting":false,"audioPlay":false,"sceneViewState":{"m_AlwaysRefresh":false,"showFog":true,"showSkybox":false,"showFlares":true,"showImageEffects":true,"showParticleSystems":true,"showVisualEffectGraphs":true,"m_FxEnabled":true},"in2DMode":false,"pivot":{"x":0.003969909623265266,"y":0.014834664762020111,"z":0.09762577712535858},"rotation":{"x":0.13479594886302949,"y":0.5594698190689087,"z":-0.09281366318464279,"w":0.8125338554382324},"size":0.5050056576728821,"orthographic":false}