{"cameraMode":{"drawMode":0,"name":"Shaded","section":"Shading Mode"},"sceneLighting":false,"audioPlay":false,"sceneViewState":{"m_AlwaysRefresh":false,"showFog":true,"showSkybox":false,"showFlares":true,"showImageEffects":true,"showParticleSystems":true,"showVisualEffectGraphs":true,"m_FxEnabled":true},"in2DMode":false,"pivot":{"x":0.49520188570022585,"y":0.1012650728225708,"z":0.31231415271759035},"rotation":{"x":0.29055941104888918,"y":0.09738349169492722,"z":-0.02974036894738674,"w":0.9514234066009522},"size":1.183122158050537,"orthographic":false}