{"cameraMode":{"drawMode":0,"name":"Shaded","section":"Shading Mode"},"sceneLighting":false,"audioPlay":false,"sceneViewState":{"m_AlwaysRefresh":false,"showFog":true,"showSkybox":false,"showFlares":true,"showImageEffects":true,"showParticleSystems":true,"showVisualEffectGraphs":true,"m_FxEnabled":true},"in2DMode":false,"pivot":{"x":0.0063724517822265629,"y":4.066761016845703,"z":-0.35304582118988039},"rotation":{"x":0.030645499005913736,"y":0.9661296010017395,"z":-0.136541947722435,"w":0.21685265004634858},"size":5.438187599182129,"orthographic":false}