{"cameraMode":{"drawMode":0,"name":"Shaded","section":"Shading Mode"},"sceneLighting":false,"audioPlay":false,"sceneViewState":{"m_AlwaysRefresh":false,"showFog":true,"showSkybox":false,"showFlares":true,"showImageEffects":true,"showParticleSystems":true,"showVisualEffectGraphs":true,"m_FxEnabled":true},"in2DMode":false,"pivot":{"x":-0.31485414505004885,"y":3.716780662536621,"z":-0.7654318809509277},"rotation":{"x":-0.020429177209734918,"y":0.9782186150550842,"z":-0.16983020305633546,"w":-0.11765939742326737},"size":8.444011688232422,"orthographic":false}