{"cameraMode":{"drawMode":0,"name":"Shaded","section":"Shading Mode"},"sceneLighting":false,"audioPlay":false,"sceneViewState":{"m_AlwaysRefresh":false,"showFog":true,"showSkybox":false,"showFlares":true,"showImageEffects":true,"showParticleSystems":true,"showVisualEffectGraphs":true,"m_FxEnabled":true},"in2DMode":false,"pivot":{"x":-7.698166847229004,"y":2.5647826194763185,"z":-0.7932701110839844},"rotation":{"x":0.012435795739293099,"y":-0.9807742238044739,"z":0.18303166329860688,"w":0.06662585586309433},"size":2.851076126098633,"orthographic":false}