{"cameraMode":{"drawMode":0,"name":"Shaded","section":"Shading Mode"},"sceneLighting":false,"audioPlay":false,"sceneViewState":{"m_AlwaysRefresh":false,"showFog":true,"showSkybox":false,"showFlares":true,"showImageEffects":true,"showParticleSystems":true,"showVisualEffectGraphs":true,"m_FxEnabled":true},"in2DMode":false,"pivot":{"x":0.0458655059337616,"y":0.44896399974823,"z":-0.009761497378349305},"rotation":{"x":0.14406216144561768,"y":0.17859041690826417,"z":-0.026447033509612085,"w":0.9729673862457275},"size":0.5884880423545837,"orthographic":false}