{"cameraMode":{"drawMode":0,"name":"Shaded","section":"Shading Mode"},"sceneLighting":false,"audioPlay":false,"sceneViewState":{"m_AlwaysRefresh":false,"showFog":true,"showSkybox":false,"showFlares":true,"showImageEffects":true,"showParticleSystems":true,"showVisualEffectGraphs":true,"m_FxEnabled":true},"in2DMode":false,"pivot":{"x":0.43311214447021487,"y":0.7572470903396606,"z":0.39381617307662966},"rotation":{"x":0.11403369158506394,"y":0.6679897904396057,"z":-0.10464988648891449,"w":0.7279070615768433},"size":2.639263868331909,"orthographic":false}