{"cameraMode":{"drawMode":0,"name":"Shaded","section":"Shading Mode"},"sceneLighting":false,"audioPlay":false,"sceneViewState":{"m_AlwaysRefresh":false,"showFog":true,"showSkybox":false,"showFlares":true,"showImageEffects":true,"showParticleSystems":true,"showVisualEffectGraphs":true,"m_FxEnabled":true},"in2DMode":false,"pivot":{"x":139.19732666015626,"y":21.65489959716797,"z":414.1038513183594},"rotation":{"x":0.022849908098578454,"y":0.926451563835144,"z":-0.057054709643125537,"w":0.3713948726654053},"size":1.4288593530654908,"orthographic":false}