{"cameraMode":{"drawMode":0,"name":"Shaded","section":"Shading Mode"},"sceneLighting":false,"audioPlay":false,"sceneViewState":{"m_AlwaysRefresh":false,"showFog":true,"showSkybox":false,"showFlares":true,"showImageEffects":true,"showParticleSystems":true,"showVisualEffectGraphs":true,"m_FxEnabled":true},"in2DMode":false,"pivot":{"x":0.2096758484840393,"y":-0.06424188613891602,"z":0.26486778259277346},"rotation":{"x":-0.03327810764312744,"y":0.911099910736084,"z":-0.40393516421318056,"w":-0.07506097108125687},"size":1.6036484241485596,"orthographic":false}