{"cameraMode":{"drawMode":0,"name":"Shaded","section":"Shading Mode"},"sceneLighting":false,"audioPlay":false,"sceneViewState":{"m_AlwaysRefresh":false,"showFog":true,"showSkybox":false,"showFlares":true,"showImageEffects":true,"showParticleSystems":true,"showVisualEffectGraphs":true,"m_FxEnabled":true},"in2DMode":false,"pivot":{"x":0.2378246784210205,"y":-0.9950723648071289,"z":-0.06023693084716797},"rotation":{"x":0.26711106300354006,"y":0.6781688332557678,"z":-0.2926595211029053,"w":0.6189781427383423},"size":3.9730708599090578,"orthographic":false}